{"cameraMode":{"drawMode":0,"name":"Shaded","section":"Shading Mode"},"sceneLighting":true,"audioPlay":false,"sceneViewState":{"showFog":true,"showMaterialUpdate":false,"showSkybox":true,"showFlares":true,"showImageEffects":true,"showParticleSystems":true},"in2DMode":false,"pivot":{"x":0.9768632054328919,"y":1.3167710304260255,"z":0.5536224842071533},"rotation":{"x":0.16793236136436463,"y":0.5411487817764282,"z":-0.11122068762779236,"w":0.8164476752281189},"size":1.0485590696334839,"orthographic":false}