{"cameraMode":{"drawMode":0,"name":"Shaded","section":"Shading Mode"},"sceneLighting":true,"audioPlay":false,"sceneViewState":{"showFog":true,"showMaterialUpdate":false,"showSkybox":true,"showFlares":true,"showImageEffects":true,"showParticleSystems":true},"in2DMode":false,"pivot":{"x":1.3712410926818848,"y":1.069277048110962,"z":1.69130277633667},"rotation":{"x":-0.11458989977836609,"y":-0.7858045697212219,"z":0.15296636521816255,"w":-0.5882020592689514},"size":1.6554168462753297,"orthographic":false}