{"cameraMode":{"drawMode":0,"name":"Shaded","section":"Shading Mode"},"sceneLighting":true,"audioPlay":false,"sceneViewState":{"showFog":true,"showMaterialUpdate":false,"showSkybox":true,"showFlares":true,"showImageEffects":true,"showParticleSystems":true},"in2DMode":false,"pivot":{"x":2.436568260192871,"y":1.5725653171539307,"z":2.471968173980713},"rotation":{"x":0.07885130494832993,"y":0.6999828815460205,"z":-0.0782380923628807,"w":0.7054680585861206},"size":7.586129188537598,"orthographic":false}