{"cameraMode":{"drawMode":0,"name":"Shaded","section":"Shading Mode"},"sceneLighting":true,"audioPlay":false,"sceneViewState":{"showFog":true,"showMaterialUpdate":false,"showSkybox":true,"showFlares":true,"showImageEffects":true,"showParticleSystems":true},"in2DMode":false,"pivot":{"x":2.260545492172241,"y":1.9611036777496338,"z":1.8781979084014893},"rotation":{"x":0.06466401368379593,"y":0.762366771697998,"z":-0.07711532711982727,"w":0.6392720937728882},"size":1.3206822872161866,"orthographic":false}