{"cameraMode":{"drawMode":0,"name":"Shaded","section":"Shading Mode"},"sceneLighting":true,"audioPlay":false,"sceneViewState":{"showFog":true,"showMaterialUpdate":false,"showSkybox":true,"showFlares":true,"showImageEffects":true,"showParticleSystems":true},"in2DMode":false,"pivot":{"x":-0.4631727933883667,"y":0.5450358986854553,"z":1.0},"rotation":{"x":-0.0678955689072609,"y":0.11435183882713318,"z":-0.007832190953195095,"w":-0.9910865426063538},"size":2.9786438941955568,"orthographic":false}