{"cameraMode":{"drawMode":0,"name":"Shaded","section":"Shading Mode"},"sceneLighting":true,"audioPlay":false,"sceneViewState":{"showFog":true,"showMaterialUpdate":false,"showSkybox":true,"showFlares":true,"showImageEffects":true,"showParticleSystems":true},"in2DMode":false,"pivot":{"x":-0.031029850244522096,"y":0.3581933081150055,"z":-0.11961105465888977},"rotation":{"x":0.057337578386068347,"y":0.9214484691619873,"z":-0.14917145669460298,"w":0.35410892963409426},"size":0.8565427660942078,"orthographic":false}