{"cameraMode":{"drawMode":0,"name":"Shaded","section":"Shading Mode"},"sceneLighting":true,"audioPlay":false,"sceneViewState":{"showFog":true,"showMaterialUpdate":false,"showSkybox":true,"showFlares":true,"showImageEffects":true,"showParticleSystems":true},"in2DMode":false,"pivot":{"x":0.43039560317993166,"y":0.6001622676849365,"z":1.8007608652114869},"rotation":{"x":-0.17542840540409089,"y":0.025102734565734865,"z":-0.004471538122743368,"w":-0.984161913394928},"size":0.7309342622756958,"orthographic":false}