{"cameraMode":{"drawMode":0,"name":"Shaded","section":"Shading Mode"},"sceneLighting":true,"audioPlay":false,"sceneViewState":{"showFog":true,"showMaterialUpdate":false,"showSkybox":true,"showFlares":true,"showImageEffects":true,"showParticleSystems":true},"in2DMode":false,"pivot":{"x":0.5997593402862549,"y":0.7274174690246582,"z":4.617317199707031},"rotation":{"x":0.06531799584627152,"y":-0.8606030344963074,"z":0.11426467448472977,"w":0.49197518825531008},"size":1.8723788261413575,"orthographic":false}