{"cameraMode":{"drawMode":0,"name":"Shaded","section":"Shading Mode"},"sceneLighting":true,"audioPlay":false,"sceneViewState":{"showFog":true,"showMaterialUpdate":false,"showSkybox":true,"showFlares":true,"showImageEffects":true,"showParticleSystems":true},"in2DMode":false,"pivot":{"x":0.5197595953941345,"y":0.12737232446670533,"z":3.9097626209259035},"rotation":{"x":-0.03230369836091995,"y":0.9522294998168945,"z":-0.28363898396492007,"w":-0.10846400260925293},"size":2.3556361198425295,"orthographic":false}