{"cameraMode":{"drawMode":0,"name":"Shaded","section":"Shading Mode"},"sceneLighting":true,"audioPlay":false,"sceneViewState":{"showFog":true,"showMaterialUpdate":false,"showSkybox":true,"showFlares":true,"showImageEffects":true,"showParticleSystems":true},"in2DMode":false,"pivot":{"x":0.25256651639938357,"y":1.974521517753601,"z":1.8126254081726075},"rotation":{"x":-0.04969293996691704,"y":-0.6915416121482849,"z":0.04779183492064476,"w":-0.7190387845039368},"size":1.0118906497955323,"orthographic":false}