{"cameraMode":{"drawMode":0,"name":"Shaded","section":"Shading Mode"},"sceneLighting":true,"audioPlay":false,"sceneViewState":{"showFog":true,"showMaterialUpdate":false,"showSkybox":true,"showFlares":true,"showImageEffects":true,"showParticleSystems":true},"in2DMode":false,"pivot":{"x":0.17845608294010163,"y":1.7872345447540284,"z":2.0830790996551515},"rotation":{"x":-0.18436896800994874,"y":-0.6628416180610657,"z":0.1734226793050766,"w":-0.7046797871589661},"size":0.33236050605773928,"orthographic":false}