{"cameraMode":{"drawMode":0,"name":"Shaded","section":"Shading Mode"},"sceneLighting":true,"audioPlay":false,"sceneViewState":{"showFog":true,"showMaterialUpdate":false,"showSkybox":true,"showFlares":true,"showImageEffects":true,"showParticleSystems":true},"in2DMode":false,"pivot":{"x":0.7699999809265137,"y":0.6800000071525574,"z":5.927316665649414},"rotation":{"x":0.17553801834583283,"y":-0.8127454519271851,"z":0.30898961424827578,"w":0.4616891145706177},"size":13.589495658874512,"orthographic":false}