{"cameraMode":{"drawMode":0,"name":"Shaded","section":"Shading Mode"},"sceneLighting":true,"audioPlay":false,"sceneViewState":{"showFog":true,"showMaterialUpdate":false,"showSkybox":true,"showFlares":true,"showImageEffects":true,"showParticleSystems":true},"in2DMode":false,"pivot":{"x":-6.718506813049316,"y":-0.45953667163848879,"z":7.743868827819824},"rotation":{"x":0.2801363170146942,"y":0.6135778427124023,"z":-0.2470773309469223,"w":0.6957001686096191},"size":3.3058011531829836,"orthographic":false}