{"cameraMode":{"drawMode":0,"name":"Shaded","section":"Shading Mode"},"sceneLighting":true,"audioPlay":false,"sceneViewState":{"showFog":true,"showMaterialUpdate":false,"showSkybox":true,"showFlares":true,"showImageEffects":true,"showParticleSystems":true},"in2DMode":false,"pivot":{"x":0.55218505859375,"y":1.76593017578125,"z":1.6239013671875},"rotation":{"x":0.14284901320934297,"y":0.028203696012496949,"z":-0.004071754403412342,"w":0.9893341660499573},"size":0.7414705157279968,"orthographic":true}