{"cameraMode":{"drawMode":0,"name":"Shaded","section":"Shading Mode"},"sceneLighting":true,"audioPlay":false,"sceneViewState":{"showFog":true,"showMaterialUpdate":false,"showSkybox":true,"showFlares":true,"showImageEffects":true,"showParticleSystems":true},"in2DMode":false,"pivot":{"x":0.8137232661247253,"y":1.0072063207626343,"z":2.265165090560913},"rotation":{"x":0.23936083912849427,"y":-0.6987329125404358,"z":0.2709295451641083,"w":0.6173134446144104},"size":1.0990533828735352,"orthographic":false}