{"cameraMode":{"drawMode":0,"name":"Shaded","section":"Shading Mode"},"sceneLighting":true,"audioPlay":false,"sceneViewState":{"showFog":true,"showMaterialUpdate":false,"showSkybox":true,"showFlares":true,"showImageEffects":true,"showParticleSystems":true},"in2DMode":false,"pivot":{"x":-4.090000152587891,"y":0.6800000071525574,"z":6.690000057220459},"rotation":{"x":0.44063034653663638,"y":0.07017012685537338,"z":-0.03458582982420921,"w":0.8942734003067017},"size":6.259948253631592,"orthographic":false}