{"cameraMode":{"drawMode":0,"name":"Shaded","section":"Shading Mode"},"sceneLighting":true,"audioPlay":false,"sceneViewState":{"showFog":true,"showMaterialUpdate":false,"showSkybox":true,"showFlares":true,"showImageEffects":true,"showParticleSystems":true},"in2DMode":false,"pivot":{"x":-5.533683776855469,"y":0.3215656578540802,"z":1.181573748588562},"rotation":{"x":-0.12857025861740113,"y":0.797889769077301,"z":-0.18330079317092896,"w":-0.5596805810928345},"size":1.9732723236083985,"orthographic":false}